timeframe,filename,description
2025-11-13 16:45:34,Agricultural;Coastal;Desert;Urban_Site16_SaudiArabia_patch_12_21.5564_39.2090.png,"The image shows a satellite view of a densely populated urban area with a grid-like street pattern. There are numerous buildings, roads, and green spaces visible. The landscape includes a body of water on the left side, possibly a river or lake, and some industrial areas near it. The terrain appears flat, suggesting a coastal or low-lying region. The area is likely a major city given the extensive infrastructure and population density. The region could be in Asia, potentially India or China, based on the architectural style and layout. The image does not provide specific quantitative data but suggests a large metropolitan area with a population exceeding millions."
2025-11-13 16:45:44,Agricultural;Coastal_Site10_Colombia_patch_17_10.4308_-74.9843.png,"The image is a satellite view of a large area with a mix of greenery and urban development. There are patches of dense forest, agricultural fields, and clusters of buildings indicating human habitation. Roads and water bodies are visible, suggesting infrastructure. The landscape appears to be flat with some variations in elevation. The region seems to be a blend of rural and urban areas. The possible country could be Southeast Asia or East Asia due to the style of agriculture and urbanization. The image covers approximately 50 km x 50 km based on the scale of visible features."
2025-11-13 16:45:54,Agricultural;Coastal_Site17_Brazil_patch_00_-15.0011_-55.6371.png,"The image is a satellite view of a region with numerous small islands or peninsulas surrounded by water. The landmasses appear to be densely vegetated, suggesting a forested area. There are visible roads and possibly some buildings, indicating human habitation. The water body is dark, likely a lake or river. The landscape is fragmented, with many small land masses. The region could be part of a larger archipelago or a coastal area. The country might be one with extensive lakes and forests, such as Canada or Sweden. The image does not provide specific quantitative features like population density or exact location."
2025-11-13 16:46:05,Agricultural;Coastal_Site17_Brazil_patch_08_-14.8137_-55.8519.png,"The image is a satellite view of a rural area with a mix of green and blue tones. There are patches of darker green indicating dense forested areas, while lighter green and blue suggest agricultural fields and water bodies. A river meanders through the landscape, curving around the terrain. Roads and paths are visible, connecting different parts of the area. The region appears to be hilly or mountainous, with varying elevations. The presence of water bodies suggests proximity to lakes or rivers. The landscape is sparsely populated, with no large urban centers visible. The image could represent a region in Europe, possibly Germany or Austria, given the style of agriculture and the river's appearance. The image does not provide specific quantitative features like population density or exact location coordinates."
2025-11-13 16:46:15,Agricultural;Coastal_Site17_Jamaica_patch_05_17.8345_-77.2515.png,"The image is a satellite view of a region with a mix of greenery and developed areas. There's a large body of water in the center, surrounded by agricultural fields and patches of urban development. The landscape includes a river meandering through the area. The region appears to be near a coastline, as indicated by the brownish water on either side. The developed areas show clusters of buildings and roads, suggesting human habitation and infrastructure. The green areas dominate the landscape, indicating significant forested or agricultural land use. The image suggests a temperate climate zone due to the vegetation type. The region could be part of a coastal plain, possibly in North America or Europe. The developed areas are concentrated along the coast and near the central water body, while the rest of the landscape is more rural. The image does not provide specific quantitative data like population density or exact location coordinates."
2025-11-13 16:46:25,Agricultural;Coastal_Site22_Australia_patch_12_-36.4830_145.1233.png,"The image shows a satellite view of a rural area with numerous agricultural fields. The fields are organized into rectangular plots, suggesting a systematic farming pattern. There is a large body of water visible, possibly a lake or river, which adds to the scenic beauty. The landscape appears flat, typical of regions like the Midwest in the United States. The presence of roads and small clusters of buildings indicates human habitation and infrastructure. The image does not show any specific activities but suggests a peaceful, agricultural setting. The size of the fields and the layout suggest a region where large-scale farming is practiced. The image could represent a region with a population density of less than 50 people per square kilometer."
2025-11-13 16:46:34,Agricultural;Coastal_Site22_Indonesia_patch_15_-3.5215_114.4386.png,"The image shows a satellite view of a coastal area with green fields and urban development. The land is divided into rectangular plots, suggesting agricultural use. There are roads and buildings indicating human settlement. The coastline is visible with water on both sides. The water appears calm with some ripples. The region seems to be flat with no significant elevation changes. The landscape suggests a developed area near a sea or large body of water. The possible country could be a coastal nation like the Netherlands or parts of the United States. The image does not provide specific quantitative features such as exact dimensions or population density."
2025-11-13 16:46:46,Agricultural;Coastal_Site26_Croatia_patch_02_44.7094_11.9764.png,"The image shows a vast agricultural landscape with numerous rectangular fields. The fields vary in shades of green and blue, indicating different crops or stages of growth. There are patches of darker areas suggesting wetlands or water bodies. Roads and small clusters of buildings are visible, indicating human habitation. The area appears to be flat and expansive, typical of farmland. The landscape suggests a rural setting, possibly in a temperate climate zone. The region could be in Europe, given the style of agriculture and infrastructure. The image is likely satellite imagery due to the scale and clarity. The fields are organized in a grid-like pattern, which is common in mechanized farming systems. The size of the fields ranges from small plots to larger contiguous areas, reflecting varied land use and agricultural practices."
2025-11-13 16:46:54,Agricultural;Coastal_Site26_Nicaragua_patch_01_11.9628_-86.6690.png,"The image shows a satellite view of a coastal area with a mix of green vegetation and agricultural fields. The coastline is clearly defined, with a dark brown body of water on the left side. The land on the right has patches of green and gray, indicating different types of vegetation and possibly farmland. There are no visible human activities or structures. The landscape appears to be flat, suggesting it could be a delta or a low-lying region. The region might be in Southeast Asia, given the type of vegetation and the coastline. The image does not provide specific quantitative features like elevation or population density."
2025-11-13 16:47:05,Agricultural;Desert_Site00_Turkey_patch_19_38.0114_34.7822.png,"The image is a satellite view of a rural area with patches of green fields, roads, and clusters of buildings. The landscape includes a mix of agricultural land and forested areas. There are visible water bodies, possibly lakes or reservoirs. The terrain appears to be hilly or mountainous in some parts. The image shows a developed area with infrastructure like roads and possibly a city or town on the left side. The region could be in Europe or North America due to the style of agriculture and urban development. The image resolution suggests it's from a high-altitude satellite, providing a broad overview of the area."
2025-11-13 16:47:15,Agricultural;Desert_Site04_Iraq_patch_00_29.8291_39.5093.png,"The image shows a large agricultural area with circular irrigation systems. The landscape is flat and arid, suggesting a desert or semi-desert region. The green circles represent cultivated fields, while the surrounding blue areas indicate dry land or possibly salt flats. There are no visible human activities or structures apart from the irrigation systems. The grid pattern suggests a planned agricultural layout. The region could be in the southwestern United States, such as parts of Arizona or New Mexico, known for extensive irrigation farming. The scale of the image indicates it covers several square kilometers, highlighting the vastness of the agricultural operation."
2025-11-13 16:47:25,Agricultural;River;Urban_Site30_Spain_patch_13_39.8312_-2.9769.png,"The image is a satellite view of a rural area with patches of agricultural fields, roads, and possibly some small settlements. The landscape appears to be flat with no significant elevation changes. The fields are organized in rectangular patterns, suggesting farming practices. There are no visible bodies of water or large forests. The roads are thin and sparse, indicating low population density. The image has a blue tone, which might suggest it was taken during winter or under cloudy conditions. The region could be in Europe or North America due to the style of agriculture and road layout. The image resolution seems high, allowing for clear identification of individual fields and roads."
2025-11-13 16:47:35,Coastal_Site04_USA_patch_17_25.0377_-80.4955.png,"The image shows a satellite view of a coastal area with green vegetation and water bodies. There are clusters of white buildings along the coastline, indicating human habitation. The landscape includes wetlands and possibly mangrove forests. The water appears shallow near the shore, transitioning to deeper shades further out. The region seems to be a tropical or subtropical coastal zone. The country could be Southeast Asia or the Caribbean due to the vegetation and building style. The image is likely from a high-resolution satellite, as it captures details like individual buildings and roads. The area is likely used for residential purposes, given the density of buildings."
2025-11-13 16:47:46,Coastal_Site29_Australia_patch_07_-12.2968_131.0145.png,"The image shows a satellite view of a coastal area with a large body of water on the left side, transitioning from dark brown to lighter yellow-green hues. The coastline is irregular, with some sandy areas visible near the shore. On the right, there's a mix of green vegetation and agricultural fields, with some water bodies scattered throughout. The landscape appears to be flat, suggesting it could be a delta or river mouth. The presence of agricultural patterns indicates human activity in the region. The image likely depicts a region near a major river system meeting the sea. This could be a part of the Mississippi Delta in the United States, given the distinctive coloration and land use patterns. The image resolution allows for clear differentiation between water, vegetation, and agricultural fields, but specific quantitative features like exact dimensions or population density cannot be determined from this image alone."
2025-11-13 16:47:55,Desert;Urban_Site16_SaudiArabia_patch_18_21.3293_39.5105.png,"The image shows a satellite view of a desert landscape with sparse vegetation. There are patches of greenery indicating some areas might be irrigated or have natural vegetation. Roads and infrastructure are visible, suggesting human activity. The area appears to be a mix of urban development and undeveloped land. The region could be in the Middle East or North Africa. The image is likely from a country like Saudi Arabia or Egypt due to the desert environment and urban patterns. The image resolution suggests it's from a high-resolution satellite, possibly around 30 meters per pixel."
2025-11-13 16:48:05,Forest;Mountain;River_Site00_Colombia_patch_00_5.9903_-75.8063.png,"The image shows a satellite view of a lush green landscape with winding rivers cutting through it. The terrain is hilly and forested, suggesting a temperate climate. There are no visible human activities or structures, indicating a remote area. The river systems appear to be the primary waterways, possibly part of a larger river network. The dense greenery suggests a rich ecosystem, likely a tropical or subtropical rainforest. The region could be Southeast Asia, given the river patterns and vegetation. The image resolution appears to be high, providing clear details of the landscape. The area seems vast, covering several square kilometers."
2025-11-13 16:48:15,Forest;River_Site04_Bolivia_patch_00_-12.4864_-68.7845.png,"The image shows a meandering river flowing through a lush green landscape. The river has a light blue hue, indicating shallow water or sediment. The surrounding area is densely forested, with varying shades of green suggesting different types of vegetation. There are no visible human activities or structures in the image. The landscape appears to be flat, typical of floodplains. The river's sinuous path suggests it may be in a region with soft soil and low gradient. The image could represent a tropical or subtropical region. Possible countries include parts of South America, Southeast Asia, or Africa. The river's width is approximately 500 meters at its widest point, based on the scale of the image."
2025-11-13 16:48:26,Mountain_Site07_China_patch_11_31.3349_87.8729.png,"The image shows a large body of water with a distinct landmass in the center. The land appears to be a desert or arid region, with sparse vegetation visible along the edges. The surrounding water is a light blue, suggesting shallow depths. The landmass has a dark brown center, possibly indicating a dry lakebed or salt flats. The edges of the land are green, likely due to algae or other aquatic plants. The overall landscape suggests a remote, possibly coastal area. The region could be part of a desert or semi-desert ecosystem. The country might be one with extensive coastlines and arid inland areas, such as parts of the Middle East or North Africa. The landmass is approximately 50 km wide and 100 km long."
2025-11-13 16:48:36,Mountain_Site15_Chile_patch_06_-33.9353_-70.6073.png,"The image shows a satellite view of a mountainous region with a mix of agricultural fields and urban areas. The landscape is characterized by rugged terrain with visible ridges and valleys. There are patches of green indicating vegetation, likely crops or forests. Urban areas are scattered throughout, with lights suggesting nighttime activity. The fields are organized into rectangular plots, typical of agricultural practices. The region appears to be semi-urbanized, with a balance between natural and developed land. The possible region could be a valley near a mountain range, possibly in a temperate climate zone. The country might be one with a history of agriculture and urban development, such as Japan or parts of Europe. The image resolution suggests it's from a high-altitude satellite, providing a broad overview of the area."
2025-11-13 16:48:45,Mountain_Site16_France_patch_17_44.5726_10.4563.png,"Satellite view of a rural area with green fields, scattered settlements, and a river. The landscape is predominantly agricultural with patches of forest. There are no visible activities or people. The region appears to be in a temperate climate zone. The country could be Europe or North America. The image shows a large expanse of land, approximately 50 km x 50 km."
2025-11-13 16:48:56,River;Urban_Site00_SouthKorea_patch_11_37.5801_127.0099.png,"The image shows a satellite view of a densely populated urban area surrounded by greenery. The city is expansive with a grid-like pattern of roads and buildings. There are several large bodies of water visible, possibly rivers or lakes, cutting through the city. The landscape includes patches of green spaces and forests, indicating a mix of urban development and natural areas. The city appears to be situated near mountains, suggesting a valley location. The architecture and layout suggest it could be a major metropolitan area. The image does not provide specific quantitative data but indicates a large population density. The region might be in East Asia, given the architectural style and geographical features."
2025-11-13 16:49:06,River_Site01_Colombia_patch_08_3.7755_-72.3364.png,"The image shows a satellite view of a river system with meandering waterways cutting through a dense forested area. The terrain is rugged with visible hills and valleys. The river appears to be winding through the landscape, creating numerous bends and curves. The vegetation is predominantly green, indicating a lush, possibly tropical or subtropical climate. There are no visible human activities or structures, suggesting a remote or undeveloped region. The landscape could be part of a national park or protected area. The region might be in Southeast Asia, given the dense forest and river patterns. The image does not provide specific quantitative features like elevation or river depth."
2025-11-13 16:49:16,Urban;Desert_Site00_Lebanon_patch_15_33.9895_35.7662.png,"The image is a satellite view of a densely populated urban area surrounded by greenery. The city is characterized by a mix of residential and commercial buildings, with visible roads and infrastructure. There are patches of water bodies, possibly lakes or reservoirs, scattered throughout the region. The surrounding landscape includes forested areas and some agricultural land. The terrain appears to be relatively flat with some gentle slopes. The image suggests a developed region with a significant population density. The presence of water bodies and green spaces indicates efforts towards environmental conservation. The region could be in East Asia, given the urban layout and vegetation patterns. The image resolution allows for detailed observation of the urban fabric and natural surroundings."
2025-11-13 16:49:26,Urban_Site00_Japan_patch_01_35.8943_139.7066.png,"The image is a satellite view of a densely populated urban area with a mix of residential and commercial buildings. There are numerous roads and bridges connecting different parts of the city. Green spaces are visible, indicating parks or agricultural areas. The landscape includes rivers or canals running through the city. The region appears to be a major metropolitan area. The country could be Japan due to the architectural style and layout. The population density suggests a highly urbanized environment. The image shows a vast expanse of built-up areas, with some green patches scattered throughout."
2025-11-13 16:49:36,Urban_Site28_China_patch_05_31.2442_120.3551.png,"The image shows a satellite view of a coastal area with a large body of water on the left side. There are several small islands scattered across the water. On the right side, there is a developed urban area with buildings, roads, and green spaces. The landscape includes patches of greenery and agricultural fields. The region appears to be near a major city or metropolitan area. The country could be China due to the urban layout and landscape features. The water body is likely a river estuary or a bay. The urban area has a population density that suggests a significant city. The image does not provide exact quantitative features like population or size."
2025-11-13 16:49:46,Agricultural;Coastal;Desert;Urban_Site16_SaudiArabia_patch_12_21.5564_39.2090.png,"The image shows a satellite view of a densely populated urban area with a grid-like street pattern. There are numerous buildings, roads, and green spaces visible. The landscape includes a body of water on the left side, possibly a river or lake, and some industrial areas near it. The terrain appears flat, suggesting a coastal or low-lying region. The area is likely a major city due to its extensive infrastructure and population density. The region could be in the Middle East or North Africa, given the arid landscape surrounding the urban core. The image does not provide specific quantitative data but indicates a large-scale urban development."
2025-11-13 16:49:56,Agricultural;Coastal_Site10_Colombia_patch_17_10.4308_-74.9843.png,"The image is a satellite view of a large area with a mix of greenery and urban development. There are patches of dense forest, agricultural fields, and clusters of buildings indicating human habitation. Roads and water bodies are visible, suggesting infrastructure. The landscape appears to be flat with some variations in elevation. The region could be in a temperate zone due to the vegetation. The country might be in Europe or North America based on the style of urbanization and agriculture. The image covers approximately 50 km x 50 km, as inferred from the scale of the roads and buildings."
2025-11-13 16:50:06,Agricultural;Coastal_Site17_Brazil_patch_00_-15.0011_-55.6371.png,"The image is a satellite view of a region with numerous small islands or peninsulas surrounded by water. The landmasses appear to be densely vegetated, suggesting a forested area. There are visible roads and possibly some buildings, indicating human habitation. The water body is dark, likely a lake or river. The landscape is fragmented, with many small land masses. The region could be part of a larger archipelago or a coastal area. The country might be one with extensive lakes and forests, such as Canada, Sweden, or Finland. The image does not provide specific quantitative features like population density or exact location."
2025-11-13 16:50:16,Agricultural;Coastal_Site17_Brazil_patch_08_-14.8137_-55.8519.png,"The image is a satellite view of a rural area with a mix of forested and agricultural land. There are several fields, some appearing to be in different stages of cultivation. A river meanders through the landscape, with a small town or settlement visible near its banks. The terrain is varied, with patches of dense greenery indicating forests and lighter areas suggesting farmland. Roads are visible, connecting various parts of the area. The overall scene suggests a temperate climate zone. The region could be in Europe or North America. The image does not provide specific quantitative data but shows a typical rural landscape with agricultural activity."
2025-11-13 16:50:27,Agricultural;Coastal_Site17_Jamaica_patch_05_17.8345_-77.2515.png,"The image is a satellite view of a region with a mix of greenery and developed areas. There's a large body of water in the center, surrounded by agricultural fields and patches of urban development. The landscape includes a river meandering through the area. The region appears to be near a coastline, as indicated by the brownish water on either side. The developed areas show clusters of buildings and roads, suggesting human habitation and infrastructure. The green areas dominate the landscape, indicating significant forested or agricultural land use. The image suggests a temperate climate zone due to the vegetation type. The region could be part of a coastal plain, possibly in North America or Europe. The developed areas are concentrated along the coast and near the central water body, while the rest of the landscape is more rural. The image does not provide specific quantitative data but gives a broad overview of the land use and geography."
2025-11-13 16:50:37,Agricultural;Coastal_Site22_Australia_patch_12_-36.4830_145.1233.png,"The image shows a satellite view of a rural area with numerous agricultural fields. The fields are organized into rectangular plots, suggesting a systematic farming pattern. There is a large body of water visible in the center, possibly a lake or river, surrounded by greenery. The landscape appears flat, typical of agricultural regions. There are a few small clusters of buildings, likely farmhouses or small settlements, scattered across the area. The presence of roads and what appear to be irrigation systems indicates active farming operations. The region could be in North America, given the style of agriculture and landscape. The image does not provide specific quantitative data but suggests a large-scale agricultural operation."
2025-11-13 16:50:46,Agricultural;Coastal_Site22_Indonesia_patch_15_-3.5215_114.4386.png,"The image shows a satellite view of a coastal area with green fields and urban development. The land is divided into rectangular plots, suggesting agricultural use. There are roads and buildings indicating human settlement. The coastline is visible with water extending into the land. The water appears calm with some ripples. The region seems to be flat with no significant elevation changes. The area could be part of a delta or river estuary. The country might be in Southeast Asia due to the style of agriculture and coastline. The image resolution allows for clear identification of individual fields and roads."
2025-11-13 16:50:58,Agricultural;Coastal_Site26_Croatia_patch_02_44.7094_11.9764.png,"The image shows a vast agricultural landscape with numerous rectangular fields. The fields vary in shades of green, indicating different crops or stages of growth. There are patches of darker areas suggesting wetlands or water bodies. Roads and small clusters of buildings are visible, indicating human activity. The area appears to be flat and expansive, typical of farmland. The landscape suggests a rural setting, possibly in a temperate climate zone. The region could be in Europe, given the style of agriculture and infrastructure. The image is likely satellite imagery due to the scale and clarity. The fields are organized in a grid-like pattern, which is common in mechanized farming systems. The size of the fields ranges from small plots to larger contiguous areas, reflecting varied land use and agricultural practices."
2025-11-13 16:51:06,Agricultural;Coastal_Site26_Nicaragua_patch_01_11.9628_-86.6690.png,"The image shows a satellite view of a coastal area with a mix of green vegetation and agricultural fields. The coastline is clearly defined, with a dark brown body of water on the left side. The land on the right has patches of green and gray, indicating different types of vegetation and possibly farmland. There are no visible human activities or structures. The landscape appears to be flat, suggesting it could be a delta or a low-lying region. The region might be in Southeast Asia, given the type of vegetation and the coastline. The image does not provide specific quantitative features like elevation or population density."
2025-11-13 16:51:17,Agricultural;Desert_Site00_Turkey_patch_19_38.0114_34.7822.png,"The image is a satellite view of a rural area with patches of green fields, roads, and some urban development. The landscape includes a mix of agricultural land and forested areas. There are visible water bodies, possibly lakes or ponds, scattered throughout. The terrain appears to be hilly or mountainous in parts. Urban areas are concentrated on the left side, with buildings densely packed together. Roads crisscross the landscape, connecting different parts. The image suggests a temperate climate zone. The region could be in Europe or North America. The image resolution allows for identification of individual fields, indicating a scale of around 1-5 km per pixel."
2025-11-13 16:51:26,Agricultural;Desert_Site04_Iraq_patch_00_29.8291_39.5093.png,"The image shows a large agricultural area with circular irrigation systems. The landscape is flat and arid, suggesting a desert or semi-desert region. The green circles represent areas where crops are being grown, likely using center pivot irrigation. The surrounding terrain appears dry and sandy, with no visible vegetation outside the cultivated fields. The grid-like pattern indicates a planned agricultural layout. The image could be from a region like the American Southwest or parts of Australia. The scale suggests it covers several square kilometers. The image does not show any human activity directly but implies agricultural operations."
2025-11-13 16:51:37,Agricultural;River;Urban_Site30_Spain_patch_13_39.8312_-2.9769.png,"The image is a satellite view of a rural area with patches of agricultural fields, roads, and clusters of buildings. The landscape appears to be flat with some minor undulations. There are no visible bodies of water or significant natural features like mountains or forests. The roads form a network connecting different areas. The buildings are scattered, suggesting a low-density settlement pattern. The image is predominantly blue-toned, indicating it might be taken during winter or in a region with cooler temperatures. The area could be in Europe or North America, given the style of agriculture and infrastructure. The image resolution suggests it's from a high-resolution satellite system, possibly around 5-10 meters per pixel."
2025-11-13 16:51:47,Coastal_Site04_USA_patch_17_25.0377_-80.4955.png,"The image shows a satellite view of a coastal area with green vegetation and water bodies. There are clusters of white buildings along the coastline, indicating human habitation. The landscape includes wetlands and possibly mangrove forests. The water appears shallow near the shore, transitioning to deeper areas further out. The region seems to be a tropical or subtropical coastal zone. The country could be Southeast Asia or the Caribbean due to the vegetation and building style. The image is likely from a high-resolution satellite, as it captures details like individual buildings and roads. The area is likely used for residential purposes, given the density of buildings."
2025-11-13 16:51:58,Coastal_Site29_Australia_patch_07_-12.2968_131.0145.png,"The image shows a satellite view of a coastal area with a large body of water on the left side, transitioning from dark brown to lighter yellow-green hues. The coastline is irregular, with some sandy areas visible near the shore. On the right, there's a mix of green vegetation and agricultural fields, with some water bodies scattered throughout. The landscape appears to be flat, suggesting it could be a delta or river mouth. The presence of agricultural patterns indicates human activity in the region. The image likely depicts a region near a major river system meeting the sea. This could be a part of the Mississippi Delta in the United States, given the distinctive coloration and land use patterns. The image resolution allows for clear identification of agricultural plots and water bodies, but no specific quantitative features can be determined without further data."
2025-11-13 16:52:06,Desert;Urban_Site16_SaudiArabia_patch_18_21.3293_39.5105.png,"The image shows a satellite view of a desert landscape with sparse vegetation. There are patches of greenery indicating some areas might be irrigated or have natural vegetation. Roads and infrastructure are visible, suggesting human activity. The area appears to be a mix of urban development and undeveloped land. The region could be in the Middle East or North Africa. The image is likely from a country like Saudi Arabia or Egypt due to the desert environment and urban patterns. The image resolution suggests it's from a high-resolution satellite, possibly around 30 meters per pixel."
2025-11-13 16:52:17,Forest;Mountain;River_Site00_Colombia_patch_00_5.9903_-75.8063.png,"The image is a satellite view of a lush green landscape with winding rivers cutting through it. The terrain appears to be hilly or mountainous, with dense vegetation covering most of the area. There are no visible human activities or structures, suggesting a remote or natural setting. The river systems are prominent, with multiple branches and bends, indicating a complex drainage pattern. The color gradient suggests varying shades of green, possibly due to different types of vegetation or seasonal changes. The overall scene is serene and untouched by urban development. This could be a tropical or subtropical region, possibly in Southeast Asia or South America. The image does not provide specific quantitative features like altitude or population density."
2025-11-13 16:52:28,Forest;River_Site04_Bolivia_patch_00_-12.4864_-68.7845.png,"The image shows a meandering river cutting through a dense forest. The river is light blue, indicating shallow water or sediment-rich flow. The surrounding area is predominantly green, suggesting a lush, tropical or subtropical climate. There are no visible human activities or structures, implying a remote location. The landscape appears undisturbed, with the river carving its path through the terrain. The forest canopy is thick, with varying shades of green, hinting at diverse vegetation types. The river's width varies, with some sections appearing wider than others, possibly due to changes in sediment load or water flow. The image could represent a region like the Amazon Basin or a similar tropical rainforest area. The lack of visible landmarks makes it difficult to pinpoint the exact country, but it could be Brazil, Ecuador, or another South American nation known for extensive rainforests. The image does not provide quantitative data such as river depth, forest density, or elevation."
2025-11-13 16:52:38,Mountain_Site07_China_patch_11_31.3349_87.8729.png,"The image shows a large body of water with a distinct landmass in the center. The land appears to be a desert or arid region, with sparse vegetation visible along the edges. The surrounding water is a light blue, suggesting shallow depths. The landmass has a dark brown center, possibly indicating a dry lakebed or salt flats. The edges of the land are green, likely due to algae or other aquatic plants. The overall landscape suggests a remote, possibly coastal area. The region could be part of a desert or semi-desert ecosystem. The country might be one with extensive coastlines and arid inland areas, such as parts of the Middle East or North Africa. The landmass is approximately 50 km wide and 100 km long."
2025-11-13 16:52:48,Mountain_Site15_Chile_patch_06_-33.9353_-70.6073.png,"The image shows a satellite view of a mountainous region with a mix of agricultural fields and urban areas. The landscape is characterized by rugged terrain with visible ridges and valleys. There are patches of green indicating vegetation, likely crops or forests. Urban areas are scattered throughout, with lights suggesting nighttime activity. The fields are organized into rectangular plots, typical of agricultural practices. The region appears to be semi-urbanized, with a balance between natural and developed land. The possible region could be a valley near a mountain range, possibly in a temperate climate zone. The country might be one with a history of agriculture and urban development, such as Japan or parts of Europe. The image resolution suggests it's from a high-altitude satellite, providing a broad overview of the area."
2025-11-13 16:52:57,Mountain_Site16_France_patch_17_44.5726_10.4563.png,"Satellite view of a rural area with green fields, scattered settlements, and a river. The landscape is predominantly agricultural with patches of forest. There are no visible activities or people. The region appears to be in a temperate climate zone. The country could be Europe or North America. The image shows a large expanse of land, approximately 50 km x 50 km."
2025-11-13 16:53:08,River;Urban_Site00_SouthKorea_patch_11_37.5801_127.0099.png,"The image shows a satellite view of a densely populated urban area surrounded by greenery. The city is expansive with a grid-like pattern of roads and buildings. There are several large bodies of water visible, possibly rivers or lakes, cutting through the city. The landscape includes patches of green spaces and forests, indicating a mix of urban development and natural areas. The city appears to be situated near mountains, suggesting a valley location. The infrastructure looks modern, with numerous bridges connecting different parts of the city. The image suggests a developed region, likely in East Asia given the architectural style and layout. The population density is high, with buildings closely packed together. The image does not provide specific quantitative data but gives a clear impression of a bustling metropolis."
2025-11-13 16:53:17,River_Site01_Colombia_patch_08_3.7755_-72.3364.png,"The image shows a satellite view of a river system with meandering waterways cutting through a dense forested area. The terrain is rugged with visible hills and valleys. The river appears to have multiple tributaries, creating a complex network. The vegetation is predominantly green, suggesting a tropical or subtropical climate. There are no visible human activities or structures, indicating a remote location. The region could be part of a rainforest ecosystem. The country might be Brazil, given the extensive Amazonian rainforest. The image resolution suggests it's from a high-altitude satellite, providing a broad overview of the landscape."
2025-11-13 16:53:28,Urban;Desert_Site00_Lebanon_patch_15_33.9895_35.7662.png,"The image is a satellite view of a densely populated urban area surrounded by greenery. The city is characterized by a mix of residential and commercial buildings, with visible roads and infrastructure. There are patches of water bodies, possibly lakes or reservoirs, scattered throughout the region. The surrounding landscape includes forested areas and some agricultural land. The terrain appears to be relatively flat with some gentle slopes. The image suggests a developed region with a significant population density. The presence of water bodies and green spaces indicates efforts towards environmental conservation. The region could be in East Asia, given the urban layout and vegetation patterns. The image resolution allows for detailed observation of the urban fabric and natural surroundings."
2025-11-13 16:53:38,Urban_Site00_Japan_patch_01_35.8943_139.7066.png,"The image is a satellite view of a densely populated urban area with a mix of residential and commercial buildings. There are numerous roads and bridges connecting different parts of the city. Green spaces are scattered throughout, indicating parks or open areas. The landscape includes rivers or canals, suggesting proximity to water bodies. The region appears to be highly developed, with a high population density. The architecture suggests it could be in East Asia, possibly Japan, given the style of buildings and infrastructure. The image shows a large number of structures, likely over 500,000 buildings, spread across the area."
2025-11-13 16:53:48,Urban_Site28_China_patch_05_31.2442_120.3551.png,"The image shows a satellite view of a coastal area with a large body of water on the left side. There are several small islands scattered across the water. On the right side, there is a developed urban area with buildings, roads, and green spaces. The landscape includes patches of greenery and agricultural fields. The region appears to be near a major city or metropolitan area. The country could be China due to the urban layout and landscape features. The water body is likely a river estuary or a bay. The urban area has a population density that suggests a significant city. The image does not provide exact quantitative features like population or land use percentages."
2025-11-13 16:53:57,Agricultural;Coastal;Desert;Urban_Site16_SaudiArabia_patch_12_21.5564_39.2090.png,"The image shows a satellite view of a densely populated urban area with a grid-like street pattern. There are numerous buildings, roads, and green spaces visible. The landscape includes a body of water on the left side, possibly a river or lake, and some industrial areas near it. The terrain appears flat, suggesting a coastal or plain region. The area is likely a major city given its size and density. The region could be in the Middle East or North Africa, based on the architectural style and layout. The image does not provide specific quantitative features like population or exact location."
